{"coefficients":{"(Intercept)":0.166686497526089,"issue_irt_scale":0.0126383751171169,"issue_irt_scale_sq":0.0982455433111711},"standard_errors":{"(Intercept)":0.021899399504499,"issue_irt_scale":0.0159474611613826,"issue_irt_scale_sq":0.0148100603404999},"clip":[0,1]}
